period,request_share_mean,request_share_std,token_share_mean,token_share_std,normalized_token_load
1,0.1026000909481207,0.15412483803796614,0.1115764517089855,0.14711793068521944,-0.12006321722451661
2,0.025157352270296553,0.06479847217236011,0.02729275993851684,0.062216753925137445,-0.8739154010242128
3,0.014398393392575072,0.025540685607076792,0.013195997064507553,0.02085575011646333,-1.0
4,0.1310379990289701,0.09763320850722958,0.11984166775326373,0.07955612216320436,-0.04613727694269141
5,0.19744356086383866,0.1382191221512372,0.1761277908753146,0.12869251101491727,0.4572983930174107
6,0.2076011884922842,0.112372893037809,0.2169247877741312,0.1072486712198157,0.8221958548941133
7,0.15771169593914897,0.10857021980087705,0.16786670111208177,0.09932644189004074,0.38340935911583174
8,0.16404971906476576,0.11301806266368561,0.16717384377319888,0.09986095266752795,0.3772122881640641
