{
  "metadata": {
    "generated_at": "2026-07-13T15:12:52+08:00",
    "equilibrium_path": "artifacts/peak_shaving/20260712_expanded_response/spatiotemporal_equilibrium_provider2380.json",
    "equilibrium_sha256": "8538fd6c1b44338f836dc579c63a1af19f023fe369dbde386e687031cabb4643",
    "quantiles": [
      0.05,
      0.5,
      0.95
    ],
    "command": "uv run --no-project --with numpy python -m experiments.build_submission_mixed_distribution"
  },
  "uniform": {
    "active_profile_count": 1,
    "probability_mass": 1.0,
    "all_joint_converged": true,
    "maximum_joint_residual": 7.977200011666241e-10,
    "maximum_expected_metric_reconstruction_error": 0.0,
    "metrics": {
      "firm_A_profit": {
        "mean": 944.2488117915002,
        "p05": 944.2488117915002,
        "p50": 944.2488117915002,
        "p95": 944.2488117915002,
        "minimum": 944.2488117915002,
        "maximum": 944.2488117915002
      },
      "firm_B_profit": {
        "mean": 875.1931272228048,
        "p05": 875.1931272228048,
        "p50": 875.1931272228048,
        "p95": 875.1931272228048,
        "minimum": 875.1931272228048,
        "maximum": 875.1931272228048
      },
      "intermediary_profit": {
        "mean": 159.04879493137688,
        "p05": 159.04879493137688,
        "p50": 159.04879493137688,
        "p95": 159.04879493137688,
        "minimum": 159.04879493137688,
        "maximum": 159.04879493137688
      },
      "system_profit": {
        "mean": 1978.490733945682,
        "p05": 1978.490733945682,
        "p50": 1978.490733945682,
        "p95": 1978.490733945682,
        "minimum": 1978.490733945682,
        "maximum": 1978.490733945682
      },
      "aggregate_peak_load": {
        "mean": 224.56887629495142,
        "p05": 224.56887629495142,
        "p50": 224.56887629495142,
        "p95": 224.56887629495142,
        "minimum": 224.56887629495142,
        "maximum": 224.56887629495142
      },
      "aggregate_peak_to_average": {
        "mean": 1.6332281912360103,
        "p05": 1.6332281912360103,
        "p50": 1.6332281912360103,
        "p95": 1.6332281912360103,
        "minimum": 1.6332281912360103,
        "maximum": 1.6332281912360103
      },
      "maximum_provider_utilization": {
        "mean": 1.4504804430618476,
        "p05": 1.4504804430618476,
        "p50": 1.4504804430618476,
        "p95": 1.4504804430618476,
        "minimum": 1.4504804430618476,
        "maximum": 1.4504804430618476
      },
      "provider_utilization_imbalance": {
        "mean": 0.783067751981301,
        "p05": 0.783067751981301,
        "p50": 0.783067751981301,
        "p95": 0.783067751981301,
        "minimum": 0.783067751981301,
        "maximum": 0.783067751981301
      },
      "minimum_provider_qos": {
        "mean": 0.8899170860996857,
        "p05": 0.8899170860996857,
        "p50": 0.8899170860996857,
        "p95": 0.8899170860996857,
        "minimum": 0.8899170860996857,
        "maximum": 0.8899170860996857
      },
      "temporal_moved_fraction": {
        "mean": 0.3127759435398392,
        "p05": 0.3127759435398392,
        "p50": 0.3127759435398392,
        "p95": 0.3127759435398392,
        "minimum": 0.3127759435398392,
        "maximum": 0.3127759435398392
      },
      "total_demand": {
        "mean": 1100.0,
        "p05": 1100.0,
        "p50": 1100.0,
        "p95": 1100.0,
        "minimum": 1100.0,
        "maximum": 1100.0
      },
      "retail_base": {
        "mean": 0.9485099530204083,
        "p05": 0.9485099530204083,
        "p50": 0.9485099530204083,
        "p95": 0.9485099530204083,
        "minimum": 0.9485099530204083,
        "maximum": 0.9485099530204083
      },
      "retail_slope": {
        "mean": 0.0,
        "p05": 0.0,
        "p50": 0.0,
        "p95": 0.0,
        "minimum": 0.0,
        "maximum": 0.0
      },
      "route_beta": {
        "mean": 0.0,
        "p05": 0.0,
        "p50": 0.0,
        "p95": 0.0,
        "minimum": 0.0,
        "maximum": 0.0
      },
      "intermediary_weighted_route_to_A": {
        "mean": 0.5300629978562567,
        "p05": 0.5300629978562567,
        "p50": 0.5300629978562567,
        "p95": 0.5300629978562567,
        "minimum": 0.5300629978562567,
        "maximum": 0.5300629978562567
      }
    }
  },
  "dynamic": {
    "active_profile_count": 400,
    "probability_mass": 0.9999999999999998,
    "all_joint_converged": true,
    "maximum_joint_residual": 9.982283888376742e-10,
    "maximum_expected_metric_reconstruction_error": 2.2737367544323206e-13,
    "metrics": {
      "firm_A_profit": {
        "mean": 837.9381374605398,
        "p05": 800.133458194474,
        "p50": 833.3627573237226,
        "p95": 884.9138894403642,
        "minimum": 785.1441212584185,
        "maximum": 927.8148708034472
      },
      "firm_B_profit": {
        "mean": 741.0206028768546,
        "p05": 627.3377813797267,
        "p50": 755.8634998996065,
        "p95": 816.5560793895619,
        "minimum": 581.5354667620111,
        "maximum": 831.603198224187
      },
      "intermediary_profit": {
        "mean": 344.9418389299212,
        "p05": 295.3191477045994,
        "p50": 352.1337226053536,
        "p95": 381.3415286642037,
        "minimum": 271.8208695539549,
        "maximum": 386.5749834825176
      },
      "system_profit": {
        "mean": 1923.9005792673152,
        "p05": 1849.74936921553,
        "p50": 1932.5334653656787,
        "p95": 1977.7833518614734,
        "minimum": 1805.7893867865303,
        "maximum": 2008.899158900429
      },
      "aggregate_peak_load": {
        "mean": 197.00178964947344,
        "p05": 194.44861529536738,
        "p50": 195.054501906654,
        "p95": 204.42973697119257,
        "minimum": 193.15743080030688,
        "maximum": 208.86127411496167
      },
      "aggregate_peak_to_average": {
        "mean": 1.4327402883598066,
        "p05": 1.4141717476026716,
        "p50": 1.4185781956847563,
        "p95": 1.486761723426855,
        "minimum": 1.4047813149113229,
        "maximum": 1.5189910844724486
      },
      "maximum_provider_utilization": {
        "mean": 1.2094112796103023,
        "p05": 0.8868906389261231,
        "p50": 1.2601094862006237,
        "p95": 1.389660038752075,
        "minimum": 0.8199571326355518,
        "maximum": 1.4438489537736168
      },
      "provider_utilization_imbalance": {
        "mean": 0.7046105861893621,
        "p05": 0.4944395619745876,
        "p50": 0.7258431359468455,
        "p95": 0.873258851153335,
        "minimum": 0.19296877931781126,
        "maximum": 0.9506277601291981
      },
      "minimum_provider_qos": {
        "mean": 0.9609654987441073,
        "p05": 0.9161396033903036,
        "p50": 0.9616053367206517,
        "p95": 0.999999999966626,
        "minimum": 0.8929554907912003,
        "maximum": 0.9999999999864986
      },
      "temporal_moved_fraction": {
        "mean": 0.3266837856346134,
        "p05": 0.32224777206593186,
        "p50": 0.32727163568589457,
        "p95": 0.33048653285365287,
        "minimum": 0.32105309488260364,
        "maximum": 0.33303099947309855
      },
      "total_demand": {
        "mean": 1100.0,
        "p05": 1100.0,
        "p50": 1100.0,
        "p95": 1100.0000000000002,
        "minimum": 1100.0,
        "maximum": 1100.0000000000002
      },
      "retail_base": {
        "mean": 0.6573724062512755,
        "p05": 0.6230059263590783,
        "p50": 0.6595564859141502,
        "p95": 0.6951656530692261,
        "minimum": 0.616647230380874,
        "maximum": 0.7172584952506721
      },
      "retail_slope": {
        "mean": 0.1882351110249919,
        "p05": 0.08738460202534469,
        "p50": 0.2013164777604806,
        "p95": 0.26744068961285294,
        "minimum": 0.06934360485782963,
        "maximum": 0.47783061914437214
      },
      "route_beta": {
        "mean": 849.6289523857969,
        "p05": 0.0,
        "p50": 2.9424699352693318,
        "p95": 1766.9508017128392,