{
  "metadata": {
    "generated_at": "2026-07-19T12:11:09+08:00",
    "equilibrium_path": "artifacts/peak_shaving/20260712_expanded_response/spatiotemporal_equilibrium_submission.json",
    "equilibrium_sha256": "70a3b64050c2b0621bbcf0c5a418c43ba554f61b3ee10c2ca4d48fbf26bed226",
    "quantiles": [
      0.05,
      0.5,
      0.95
    ],
    "source_sha256": {
      "experiments/build_submission_mixed_distribution.py": "546c32c766b09faf04ce1f3f9b809dc0ecdbe76f34352d82860bf4eaf5f1d955",
      "experiments/run_submission_intermediary_audit.py": "c01011db28716fe0e4882e314683bf91369ab29892f6ecc74a367f6a6513573d",
      "pricing_sim/spatiotemporal_game.py": "c9e200a18c94c58dd1a24ae426eb535bb33ceebea20b16c948c0bbe1fa074295",
      "pricing_sim/spatiotemporal_mechanism.py": "a8b362bdce37b682e89aa47e8020330296ab294411eb8f8a05ba0e3802b13d02",
      "pricing_sim/peak_shaving_market.py": "a7cb454e24c659fc910a42b2180dfbbdc41852448e9b0b875c34d2355a0829e9",
      "pricing_sim/peak_shaving_equilibrium.py": "f929b4f89b07c955cb83ee3103d3f1d1a4967b313b70eb671fce84236dc22f9f"
    },
    "command": "uv run --no-project --with numpy python -m experiments.build_submission_mixed_distribution"
  },
  "uniform": {
    "active_profile_count": 100,
    "probability_mass": 0.9999999999999999,
    "all_joint_converged": true,
    "maximum_joint_residual": 9.973898373871748e-10,
    "maximum_expected_metric_reconstruction_error": 5.684341886080801e-13,
    "metrics": {
      "firm_A_profit": {
        "mean": 844.7484906864379,
        "p05": 773.8368063920236,
        "p50": 845.0592376411921,
        "p95": 918.5931723184776,
        "minimum": 767.3788220656004,
        "maximum": 1014.8149609223483
      },
      "firm_B_profit": {
        "mean": 715.7036714747464,
        "p05": 548.3281478938783,
        "p50": 734.5772365250562,
        "p95": 812.1281481561922,
        "minimum": 516.7998073936194,
        "maximum": 866.2346143755283
      },
      "intermediary_profit": {
        "mean": 320.4828998409508,
        "p05": 271.585387764127,
        "p50": 319.93216217089184,
        "p95": 370.62776941991524,
        "minimum": 251.4742838287532,
        "maximum": 425.12859113485683
      },
      "system_profit": {
        "mean": 1880.9350620021346,
        "p05": 1738.8648071537614,
        "p50": 1894.4155227487981,
        "p95": 1988.3776556966002,
        "minimum": 1725.8872534606182,
        "maximum": 2041.4246309548894
      },
      "aggregate_peak_load": {
        "mean": 225.04346795512373,
        "p05": 222.82301976573746,
        "p50": 224.97703461920298,
        "p95": 227.64347385257855,
        "minimum": 222.82301976573746,
        "maximum": 227.64347385379025
      },
      "aggregate_peak_to_average": {
        "mean": 1.6366797669463544,
        "p05": 1.620531052841727,
        "p50": 1.6361966154123853,
        "p95": 1.6555889007460254,
        "minimum": 1.620531052841727,
        "maximum": 1.655588900754838
      },
      "maximum_provider_utilization": {
        "mean": 1.3714988274073576,
        "p05": 0.9280257154929639,
        "p50": 1.4247066787167821,
        "p95": 1.6068342803194442,
        "minimum": 0.9041653332086993,
        "maximum": 1.6068342803194442
      },
      "provider_utilization_imbalance": {
        "mean": 0.6713528560939797,
        "p05": 0.046827557146498444,
        "p50": 0.7447169356523673,
        "p95": 1.0116623270820138,
        "minimum": 0.011452603503364356,
        "maximum": 1.0116623270820138
      },
      "minimum_provider_qos": {
        "mean": 0.9011838129195091,
        "p05": 0.8092600726380053,
        "p50": 0.9015287254214295,
        "p95": 0.9999999999137965,
        "minimum": 0.8092600726380053,
        "maximum": 0.9999999999632556
      },
      "temporal_moved_fraction": {
        "mean": 0.3128256850737273,
        "p05": 0.31274205483388107,
        "p50": 0.3127711582042769,
        "p95": 0.31298808777616105,
        "minimum": 0.31273896525765227,
        "maximum": 0.31298808777616105
      },
      "total_demand": {
        "mean": 1100.0000000000002,
        "p05": 1100.0,
        "p50": 1100.0,
        "p95": 1100.0000000000002,
        "minimum": 1100.0,
        "maximum": 1100.0000000000002
      },
      "retail_base": {
        "mean": 0.6935517022347089,
        "p05": 0.6292575887376353,
        "p50": 0.6912056175445759,
        "p95": 0.7710524637907459,
        "minimum": 0.6274264904925638,
        "maximum": 0.7917966864511519
      },
      "retail_slope": {
        "mean": 0.0,
        "p05": 0.0,
        "p50": 0.0,
        "p95": 0.0,
        "minimum": 0.0,
        "maximum": 0.0
      },
      "route_beta": {
        "mean": 314.82757204538177,
        "p05": 0.0,
        "p50": 3.771748311919431,
        "p95": 1218.0768427375367,
        "minimum": 0.0,
        "maximum": 53732.7104984401
      },
      "intermediary_weighted_route_to_A": {
        "mean": 0.5926328995724044,
        "p05": 0.3595359150493627,
        "p50": 0.520387897205232,
        "p95": 0.9999999991927503,
        "minimum": 0.34550405096612957,
        "maximum": 0.9999999991948112
      }
    }
  },
  "dynamic": {
    "active_profile_count": 676,
    "probability_mass": 1.0,
    "all_joint_converged": true,
    "maximum_joint_residual": 9.999697736517987e-10,
    "maximum_expected_metric_reconstruction_error": 1.3642420526593924e-12,
    "metrics": {
      "firm_A_profit": {
        "mean": 835.6659202430747,
        "p05": 798.4570772185932,
        "p50": 832.3429923915633,
        "p95": 886.4327003521813,
        "minimum": 785.1441212584185,
        "maximum": 916.3958999739175
      },
      "firm_B_profit": {
        "mean": 741.8591762292447,
        "p05": 625.6055149057795,
        "p50": 759.2639423197745,
        "p95": 820.3583488111559,
        "minimum": 581.5354667620111,
        "maximum": 834.3058553219574
      },
      "intermediary_profit": {
        "mean": 345.4096440959862,
        "p05": 292.16948314522097,
        "p50": 351.0670809174094,
        "p95": 378.66776440216324,
        "minimum": 271.8208695553636,
        "maximum": 385.0885505773948
      },
      "system_profit": {
        "mean": 1922.9347405683056,
        "p05": 1849.373479344924,
        "p50": 1934.6808906006836,
        "p95": 1979.3535867565174,
        "minimum": 1805.7893821473485,
        "maximum": 1986.526653467629
      },
      "aggregate_peak_load": {
        "mean": 196.90283746651238,
        "p05": 194.63935358039916,
        "p50": 195.16178087231742,
        "p95": 202.7285579713576,
        "minimum": 193.73293722827574,
        "maximum": 208.8612698896282
      },
      "aggregate_peak_to_average": {
        "mean": 1.43202063612009,
        "p05": 1.4155589351301756,
        "p50": 1.4193584063441267,
        "p95": 1.4743895125189643,
        "minimum": 1.4089668162056417,
        "maximum": 1.5189910537427502
      },
      "maximum_provider_utilization": {
        "mean": 1.2227760579868936,
        "p05": 0.9325898955002242,
        "p50": 1.2887075318917103,
        "p95": 1.3903590976342122,
        "minimum": 0.8504411551920438,
        "maximum": 1.4438493095189455
      },
      "provider_utilization_imbalance": {
        "mean": 0.7106851706580966,
        "p05": 0.5446289337072917,
        "p50": 0.7261509212824444,
        "p95": 0.8820727520997309,
        "minimum": 0.19296877931781126,
        "maximum": 0.9506282869056745
      },
      "minimum_provider_qos": {
        "mean": 0.958588987176483,
        "p05": 0.9161509665119681,
        "p50": 0.9532261747686319,
        "p95": 0.9999999999714204,
        "minimum": 0.8929553287290841,
        "maximum": 0.9999999999798963
      },
      "temporal_moved_fraction": {
        "mean": 0.3265527768031819,
        "p05": 0.32194282719356765,
        "p50": 0.32747727196162985,
        "p95": 0.3303474526225342,
        "minimum": 0.32105309680292654,