{
  "metadata": {
    "generated_at": "2026-07-12T14:34:31+08:00",
    "equilibrium_sha256": "c26d18ccc37f1d3f8fdd10e10c05fe175eebdab3741308fbafeb76ddd98753e3",
    "evidence_level": "fixed-policy mechanism decomposition",
    "source_sha256": {
      "artifacts/peak_shaving/20260712_final/spatiotemporal_equilibrium.json": "c26d18ccc37f1d3f8fdd10e10c05fe175eebdab3741308fbafeb76ddd98753e3",
      "pricing_sim/spatiotemporal_game.py": "a9ca70e3c92086774799175af5d1f4ae34e4d7e8c3e0af8ebc3066b221a5bfab",
      "experiments/run_final_mechanism_decomposition.py": "4b27cbb35d3bf17edab122ac67bbd44357b15e795a227857435c9c0275f4ed78"
    }
  },
  "policy_control": "Provider and intermediary price vectors and route-beta are fixed at their combined-mechanism equilibrium values; routing and QoS are re-solved.",
  "mechanisms": {
    "neither": [
      false,
      false
    ],
    "temporal_only": [
      true,
      false
    ],
    "spatial_only": [
      false,
      true
    ],
    "combined": [
      true,
      true
    ]
  },
  "equilibrium_metrics": {
    "uniform": {
      "firm_A_profit": 944.8523541717492,
      "firm_B_profit": 876.969013783438,
      "intermediary_profit": 150.69801245530266,
      "system_profit": 1972.51938041049,
      "aggregate_peak_load": 224.47997233937303,
      "aggregate_peak_to_average": 1.632581617013622,
      "maximum_provider_utilization": 1.4553287519215161,
      "provider_utilization_imbalance": 0.7903492952491612,
      "minimum_provider_qos": 0.8876738460631972,
      "temporal_moved_fraction": 0.3127753146951814,
      "total_demand": 1100.0
    },
    "dynamic": {
      "firm_A_profit": 1039.182881541466,
      "firm_B_profit": 958.7230423450874,
      "intermediary_profit": 157.1696238194249,
      "system_profit": 2155.0755477059784,
      "aggregate_peak_load": 195.22615639573417,
      "aggregate_peak_to_average": 1.4198265919689756,
      "maximum_provider_utilization": 1.2067074688329686,
      "provider_utilization_imbalance": 0.610885130288112,
      "minimum_provider_qos": 0.9757429427078412,
      "temporal_moved_fraction": 0.3295030310275819,
      "total_demand": 1100.0
    }
  },
  "rows": [
    {
      "policy": "uniform",
      "mechanism": "neither",
      "temporal_enabled": false,
      "spatial_enabled": false,
      "converged": true,
      "joint_residual": 7.571874238720966e-10,
      "rigid_centroid": 5.37976197278412,
      "elastic_centroid": 5.379761972784121,
      "firm_A_profit": 1043.7893297529804,
      "firm_B_profit": 797.8399566366367,
      "intermediary_profit": 203.6473863450963,
      "system_profit": 2045.2766727347132,
      "aggregate_peak_load": 238.61726655154433,
      "aggregate_peak_to_average": 1.7353983021930497,
      "maximum_provider_utilization": 1.4285605935392178,
      "provider_utilization_imbalance": 0.674333350112992,
      "minimum_provider_qos": 0.899826551887847,
      "temporal_moved_fraction": 0.0,
      "total_demand": 1100.0,
      "aggregate_peak_load_change_vs_neither": 0.0,
      "maximum_provider_utilization_change_vs_neither": 0.0,
      "minimum_provider_qos_change_vs_neither": 0.0
    },
    {
      "policy": "uniform",
      "mechanism": "temporal_only",
      "temporal_enabled": true,
      "spatial_enabled": false,
      "converged": true,
      "joint_residual": 8.632224379745423e-10,
      "rigid_centroid": 5.37976197278412,
      "elastic_centroid": 5.306444969293197,
      "firm_A_profit": 1042.2843919843408,
      "firm_B_profit": 811.2867190804567,
      "intermediary_profit": 204.8917202430381,
      "system_profit": 2058.4628313078356,
      "aggregate_peak_load": 225.48560665438242,
      "aggregate_peak_to_average": 1.6398953211227814,
      "maximum_provider_utilization": 1.3580256611263126,
      "provider_utilization_imbalance": 0.6485381108302687,
      "minimum_provider_qos": 0.9289806018883044,
      "temporal_moved_fraction": 0.3127296085308029,
      "total_demand": 1100.0,
      "aggregate_peak_load_change_vs_neither": -13.13165989716191,
      "maximum_provider_utilization_change_vs_neither": -0.0705349324129052,
      "minimum_provider_qos_change_vs_neither": 0.029154050000457454
    },
    {
      "policy": "uniform",
      "mechanism": "spatial_only",
      "temporal_enabled": false,
      "spatial_enabled": true,
      "converged": true,
      "joint_residual": 7.013470360028862e-10,
      "rigid_centroid": 5.37976197278412,
      "elastic_centroid": 5.379761972784121,
      "firm_A_profit": 951.6017144928592,
      "firm_B_profit": 853.5615647079688,
      "intermediary_profit": 149.80872934024555,
      "system_profit": 1954.9720085410736,
      "aggregate_peak_load": 238.61726655154433,
      "aggregate_peak_to_average": 1.7353983021930497,
      "maximum_provider_utilization": 1.5179282081725907,
      "provider_utilization_imbalance": 0.799448010599714,
      "minimum_provider_qos": 0.8571304313149499,
      "temporal_moved_fraction": 0.0,
      "total_demand": 1100.0,
      "aggregate_peak_load_change_vs_neither": 0.0,
      "maximum_provider_utilization_change_vs_neither": 0.08936761463337284,
      "minimum_provider_qos_change_vs_neither": -0.04269612057289707
    },
    {
      "policy": "uniform",
      "mechanism": "combined",
      "temporal_enabled": true,
      "spatial_enabled": true,
      "converged": true,
      "joint_residual": 6.557409060192754e-10,
      "rigid_centroid": 5.37976197278412,
      "elastic_centroid": 5.304300859593983,
      "firm_A_profit": 944.8523541717492,
      "firm_B_profit": 876.969013783438,
      "intermediary_profit": 150.69801245530266,
      "system_profit": 1972.51938041049,
      "aggregate_peak_load": 224.47997233937303,
      "aggregate_peak_to_average": 1.632581617013622,
      "maximum_provider_utilization": 1.4553287519215161,
      "provider_utilization_imbalance": 0.7903492952491612,
      "minimum_provider_qos": 0.8876738460631972,
      "temporal_moved_fraction": 0.3127753146951814,
      "total_demand": 1100.0,
      "aggregate_peak_load_change_vs_neither": -14.137294212171298,
      "maximum_provider_utilization_change_vs_neither": 0.02676815838229829,
      "minimum_provider_qos_change_vs_neither": -0.012152705824649779
    },
    {
      "policy": "dynamic",
      "mechanism": "neither",
      "temporal_enabled": false,
      "spatial_enabled": false,
      "converged": true,
      "joint_residual": 8.930459149958381e-10,
      "rigid_centroid": 5.37976197278412,
      "elastic_centroid": 5.379761972784121,
      "firm_A_profit": 1126.386927052584,
      "firm_B_profit": 904.5293347229473,
      "intermediary_profit": 184.83660261197232,
      "system_profit": 2215.752864387504,
      "aggregate_peak_load": 238.61726655154433,
      "aggregate_peak_to_average": 1.7353983021930497,
      "maximum_provider_utilization": 1.3968664075375312,
      "provider_utilization_imbalance": 0.6299614897106308,
      "minimum_provider_qos": 0.9134577224077337,
      "temporal_moved_fraction": 0.0,
      "total_demand": 1100.0,
      "aggregate_peak_load_change_vs_neither": 0.0,
      "maximum_provider_utilization_change_vs_neither": 0.0,
      "minimum_provider_qos_change_vs_neither": 0.0
    },
    {
      "policy": "dynamic",
      "mechanism": "temporal_only",
      "temporal_enabled": true,
      "spatial_enabled": false,
      "converged": true,
      "joint_residual": 6.627055570973539e-10,
      "rigid_centroid": 5.37976197278412,
      "elastic_centroid": 5.21046815510225,
      "firm_A_profit": 1094.5756593568058,
      "firm_B_profit": 906.1187773770095,
      "intermediary_profit": 194.27388028235933,
      "system_profit": 2194.9683170161743,
      "aggregate_peak_load": 196.6023026000546,
      "aggregate_peak_to_average": 1.429834928000397,
      "maximum_provider_utilization": 1.1715148034293774,
      "provider_utilization_imbalance": 0.5584623406320381,
      "minimum_provider_qos": 0.983235740588029,