{"round": 40, "avg0": [0.5781707317073171, -0.058536585365853655, 0.6060975609756101, -0.1951219512195123], "avg1": [0.579390243902439, 0.27804878048780507, 0.6068292682926831, 0.2048780487804879], "maxreg": 22.30294162407722}