{"round": 22, "avg0": [0.8304347826086957, -0.3826086956521739, 0.7065217391304348, -0.12753623188405802], "avg1": [0.8326086956521737, -0.02318840579710145, 0.7078260869565219, 0.12753623188405794], "maxreg": 4.9820696381092375}