{
  "system_profit": 1748.7937984034195,
  "peak_util": 0.6662669479948348,
  "min_qos": 0.9901656568016834,
  "firm_params": [
    [
      0.5781707317073171,
      -0.058536585365853655,
      0.6060975609756101,
      -0.1951219512195123
    ],
    [
      0.579390243902439,
      0.27804878048780507,
      0.6068292682926831,
      0.2048780487804879
    ]
  ],
  "elastic_centroid": 4.229565307731971,
  "rigid_centroid": 4.3085588369634,
  "delta_A": 0.058536585365853655,
  "delta_B": 0.27804878048780507
}