{
  "regime": "congested_fictitious_play",
  "firm_capacity": [
    300.0,
    120.0
  ],
  "qos_shape": "sigmoid",
  "uniform": {
    "system_profit": 1783.239231608924,
    "peak_util": 0.7822217827449163,
    "min_qos_firm": 0.756455957358171,
    "firm_params": [
      [
        0.8090909090909092,
        -0.36363636363636365,
        0.7136363636363635,
        -0.36363636363636365
      ],
      [
        0.8136363636363637,
        -0.36363636363636365,
        0.7163636363636364,
        -0.36363636363636365
      ]
    ],
    "rounds": 10,
    "converged": true
  },
  "dynamic": {
    "system_profit": 1964.521051416555,
    "peak_util": 0.6957593633388777,
    "min_qos_firm": 0.9765056164347505,
    "firm_params": [
      [
        0.8090909090909092,
        -0.36363636363636365,
        0.7136363636363635,
        -0.12121212121212126
      ],
      [
        0.8136363636363637,
        0.096969696969697,
        0.7163636363636364,
        0.12121212121212117
      ]
    ],
    "rounds": 10,
    "converged": false
  },
  "predictions": {
    "P2_peak_shaving": true,
    "P3_qos_improve": true,
    "profit_gain_pct": 10.165872115995898,
    "P1_migration": {
      "elastic_shift": 0.05364165192468917,
      "rigid_shift": 0.044898629630091946,
      "holds": true
    },
    "P4_small_firm": {
      "delta_A": 0.36363636363636365,
      "delta_B": 0.096969696969697,
      "holds": false
    },
    "both_converged": false
  }
}