{
  "system_profit": 1948.7877581277107,
  "peak_util": 0.705901425170401,
  "min_qos": 0.9684143534133162,
  "firm_params": [
    [
      0.8304347826086957,
      -0.3826086956521739,
      0.7065217391304348,
      -0.12753623188405802
    ],
    [
      0.8326086956521737,
      -0.02318840579710145,
      0.7078260869565219,
      0.12753623188405794
    ]
  ],
  "elastic_centroid": 4.322666616401631,
  "rigid_centroid": 4.373992155098955,
  "delta_A": 0.3826086956521739,
  "delta_B": 0.02318840579710145
}